1. ¿Con qué frecuencia tienes una o más asignatura(s) nueva(s) cada semestre?;2. Este semestre has recibido otra aula base, puedes indicarnos si al inicio del periodo académico, ¿te sentiste satisfecho por tener un material inicial para impartir la asignatura? ;3. ¿Has participado de la capacitación del aula base al inicio del semestre?;4. ¿Estás de acuerdo que al tener un aula base común, los estudiantes se benefician de un mismo contenido, tiempo para recibir el material por parte del profesor y evitar retrasos en las planificaciones de aprendizaje?;5. Para cursos comunes y contenidos similares donde la cantidad de profesores es alta (y cambios dinámicos), si tú lideraras este equipo de docentes en una siguiente oportunidad, ¿Qué tan importante vez el beneficio que todos ellos tengan una cierta cantidad de recursos y actividades bases/comunes para que no haya diferencias marcadas durante los procesos de aprendizaje entre los diferentes cursos? (recuerda que los estudiantes de primer semestre comparten varias asignaturas comunes con otros, entre ellos se consultan las actividades que sus profesores realizan en sus horas y tienden a comparar);6. ¿Realizas retroalimentación grupal o individualizada?;7. ¿Las recomendaciones proporcionadas para la adaptación de cambios en el curso de acuerdo a las calificaciones de los estudiantes han sido útiles para que ellos mejoren su rendimiento?;8. ¿Sobre el acompañamiento brindado entre profesores como método de recomendaciones para adaptar los contenidos del curso en base a las calificaciones obtenidas de los estudiantes?
Frecuentemente;Satisfecho;No;Algo de acuerdo;Importante;Retroalimentación grupal;Muy útil – Es bastante beneficioso y cumple su propósito.;Moderadamente útil – Tiene cierta utilidad, aunque su impacto es limitado.
Frecuentemente;Muy satisfecho;No;Totalmente de acuerdo;Muy importante;Retroalimentación grupal;Muy útil – Es bastante beneficioso y cumple su propósito.;Muy útil – Contribuye significativamente al desarrollo y mejora de la enseñanza.
Muy frecuentemente;Muy satisfecho;Sí;Totalmente de acuerdo;Importante;Utilizo las dos, grupal e individualizada;Moderadamente útil – Tiene cierta utilidad, aunque con limitaciones;Muy útil – Contribuye significativamente al desarrollo y mejora de la enseñanza.
Poco frecuente;Insatisfecho;Sí;Totalmente de acuerdo;Muy importante;Utilizo las dos, grupal e individualizada;Muy útil – Es bastante beneficioso y cumple su propósito.;Muy útil – Contribuye significativamente al desarrollo y mejora de la enseñanza.
Ocasionalmente;Satisfecho;No;Algo de acuerdo;Importante;Utilizo las dos, grupal e individualizada;Moderadamente útil – Tiene cierta utilidad, aunque con limitaciones;Moderadamente útil – Tiene cierta utilidad, aunque su impacto es limitado.
Frecuentemente;Muy satisfecho;Sí;Totalmente de acuerdo;Muy importante;Utilizo las dos, grupal e individualizada;Extremadamente útil – Es esencial y aporta un gran valor.;Extremadamente útil – Es esencial y marca una diferencia sustancial en la práctica docente.
Ocasionalmente;Satisfecho;No;Algo de acuerdo;Importante;Retroalimentación grupal;Moderadamente útil – Tiene cierta utilidad, aunque con limitaciones;Moderadamente útil – Tiene cierta utilidad, aunque su impacto es limitado.
